{
  "seed": 42,
  "rebuilt_from_existing_artifacts": true,
  "final_pearson": 0.6733268653796609,
  "final_spearman": 0.6786807226260009,
  "best_epoch": 128,
  "species_pearson": {
    "tribolium": 0.7026877318229948,
    "drosophila": 0.7174808772709166,
    "silkworm": 0.6848330043149592,
    "pxyl": 0.715982210892975,
    "apis": 0.6994021551674381,
    "nlug": 0.6129181413773134,
    "lmig": 0.5553715421068052,
    "agla": 0.730221265107498,
    "ldec": 0.6532736585786563,
    "focc": 0.712687088534541,
    "ofur": 0.6532197669643666,
    "csup": 0.6000022048225839
  },
  "species_spearman": {
    "tribolium": 0.7046032022871721,
    "drosophila": 0.7173791373214746,
    "silkworm": 0.7017729646919706,
    "pxyl": 0.7255649333699624,
    "apis": 0.6948434478305486,
    "nlug": 0.6080998270118781,
    "lmig": 0.583575582739494,
    "agla": 0.745009537083455,
    "ldec": 0.6294280167104316,
    "focc": 0.706164534452667,
    "ofur": 0.6628968840209168,
    "csup": 0.590440063736325
  },
  "tissue_pearson": {
    "Adult_Brain": 0.676610315119222,
    "Adult_Head": 0.6466431983613559,
    "Adult_Midgut": 0.7034849426227026,
    "Adult_Hindgut": 0.6479061384089019,
    "Adult_FatBody": 0.668462763643237,
    "Adult_MalpighianTubule": 0.6865529917215636,
    "Adult_Carcass": 0.6718595683278318,
    "Adult_Ovary": 0.6784459311268392,
    "Adult_Testis": 0.6258034047959706,
    "Larval_Hindgut": 0.618696655097333,
    "Larval_FatBody": 0.7277086626447389,
    "Larval_MalpighianTubule": 0.6381026559744872,
    "Larval_Midgut": 0.7175222313337357,
    "Larval_Carcass": 0.7033414761743777
  },
  "tissue_spearman": {
    "Adult_Brain": 0.6839297628731404,
    "Adult_Head": 0.645113592576224,
    "Adult_Midgut": 0.7189837215399403,
    "Adult_Hindgut": 0.6480474558391757,
    "Adult_FatBody": 0.6768825317830204,
    "Adult_MalpighianTubule": 0.7016033621611798,
    "Adult_Carcass": 0.6718712852006525,
    "Adult_Ovary": 0.6780400275730022,
    "Adult_Testis": 0.6522988090247596,
    "Larval_Hindgut": 0.6192305788399699,
    "Larval_FatBody": 0.7200529659868803,
    "Larval_MalpighianTubule": 0.6708162975233201,
    "Larval_Midgut": 0.7031046692485782,
    "Larval_Carcass": 0.7167920109067571
  }
}