{
  "timestamp": "2026-04-03T09:25:51.004425",
  "seeds": [
    42
  ],
  "n_seeds": 1,
  "overall": {
    "pearson_mean": 0.6733268653796609,
    "pearson_std": 0.0,
    "pearson_ci_95": [
      0.6733268653796609,
      0.6733268653796609
    ],
    "spearman_mean": 0.6786807226260009,
    "spearman_std": 0.0,
    "spearman_ci_95": [
      0.6786807226260009,
      0.6786807226260009
    ]
  },
  "per_seed": {
    "42": {
      "pearson": 0.6733268653796609,
      "spearman": 0.6786807226260009,
      "best_epoch": 128
    }
  },
  "per_species": {
    "agla": {
      "mean": 0.730221265107498,
      "std": 0,
      "n": 1
    },
    "apis": {
      "mean": 0.6994021551674381,
      "std": 0,
      "n": 1
    },
    "csup": {
      "mean": 0.6000022048225839,
      "std": 0,
      "n": 1
    },
    "drosophila": {
      "mean": 0.7174808772709166,
      "std": 0,
      "n": 1
    },
    "focc": {
      "mean": 0.712687088534541,
      "std": 0,
      "n": 1
    },
    "ldec": {
      "mean": 0.6532736585786563,
      "std": 0,
      "n": 1
    },
    "lmig": {
      "mean": 0.5553715421068052,
      "std": 0,
      "n": 1
    },
    "nlug": {
      "mean": 0.6129181413773134,
      "std": 0,
      "n": 1
    },
    "ofur": {
      "mean": 0.6532197669643666,
      "std": 0,
      "n": 1
    },
    "pxyl": {
      "mean": 0.715982210892975,
      "std": 0,
      "n": 1
    },
    "silkworm": {
      "mean": 0.6848330043149592,
      "std": 0,
      "n": 1
    },
    "tribolium": {
      "mean": 0.7026877318229948,
      "std": 0,
      "n": 1
    }
  },
  "per_tissue": {}
}